,silhouette,davies_bouldin,calinski_harabasz,homogeneity
Kmeans_original,0.027872021186424217,2.550901430398323,12.70169347943696,0.3891958366918558
Kmeans_GS_algorithm:auto__init:random__n_clusters:10,0.007206087597216448,2.6083897964101084,18.226178850858005,0.2605437292261484
Random,-0.06243666456912593,8.059506925899155,0.9202090337065028,0.13940907180122197
